{
  "project_info": {
    "project_number": "626826526978",
    "firebase_url": "https://instagram-clone-e429e-default-rtdb.firebaseio.com",
    "project_id": "instagram-clone-e429e",
    "storage_bucket": "instagram-clone-e429e.appspot.com"
  },
  "client": [
    {
      "client_info": {
        "mobilesdk_app_id": "1:626826526978:android:aba5c779ba63c5439f021b",
        "android_client_info": {
          "package_name": "com.example.instaclone"
        }
      },
      "oauth_client": [],
      "api_key": [
        {
          "current_key": "AIzaSyDBZj9QVVa9JApPvosktzCPHtKT8SB9atU"
        }
      ],
      "services": {
        "appinvite_service": {
          "other_platform_oauth_client": []
        }
      }
    }
  ],
  "configuration_version": "1"
}